申請編號,申請人,申請部門,申請日期,預先申請金額,實際報銷金額,購買項目,品名詳細,發票號碼,購買日期,供應商,申請狀態,簽核人,簽核日期,簽核狀態,備註,項目類別,緊急程度,預算科目,成本中心
EXP001,張三,資訊部,2024-01-15,5000,4850,辦公設備,Dell OptiPlex 3090 桌上型電腦 i5-11500 8GB 256GB SSD,INV-2024-001,2024-01-16,戴爾科技股份有限公司,已完成,李經理,2024-01-17,已核准,符合預算範圍內採購,硬體設備,一般,資訊設備,IT001
EXP002,李四,行銷部,2024-01-18,3000,2950,差旅費,台北-高雄高鐵來回票券及住宿費用,INV-2024-002,2024-01-19,台灣高鐵股份有限公司,已完成,王總監,2024-01-20,已核准,客戶拜訪出差,交通住宿,緊急,差旅費用,MKT001
EXP003,王五,財務部,2024-01-22,1500,1480,辦公用品,A4影印紙50包、碳粉匣5個、文具用品一批,INV-2024-003,2024-01-23,統一文具用品有限公司,已完成,陳副理,2024-01-24,已核准,月度辦公用品採購,辦公用品,一般,辦公費用,FIN001
EXP004,趙六,人資部,2024-01-25,8000,7800,教育訓練,員工專業技能培訓課程費用,INV-2024-004,2024-01-26,台灣管理學院,已完成,林主任,2024-01-27,已核准,提升員工專業能力,教育訓練,重要,人事費用,HR001
EXP005,錢七,業務部,2024-01-29,2500,2450,招待費,客戶餐敘及會議室租借費用,INV-2024-005,2024-01-30,君悅大飯店,已完成,黃經理,2024-01-31,已核准,重要客戶關係維護,招待費用,重要,業務費用,SALES001
EXP006,孫八,研發部,2024-02-01,12000,11850,軟體授權,Adobe Creative Suite 年度授權費,INV-2024-006,2024-02-02,Adobe Systems Taiwan,已完成,劉總監,2024-02-03,已核准,設計軟體必要工具,軟體授權,重要,研發費用,RD001
EXP007,周九,總務部,2024-02-05,4000,3950,維修費,辦公室空調系統維護保養,INV-2024-007,2024-02-06,大金空調服務股份有限公司,已完成,吳主任,2024-02-07,已核准,定期設備維護,維修保養,一般,總務費用,GA001
EXP008,吳十,法務部,2024-02-08,6000,5900,法律諮詢,專利申請及商標註冊法律服務費,INV-2024-008,2024-02-09,理律法律事務所,已完成,鄭律師,2024-02-10,已核准,智慧財產權保護,法律服務,重要,法務費用,LEGAL001
EXP009,鄭十一,採購部,2024-02-12,15000,14750,設備採購,工業級3D列印機及相關耗材,INV-2024-009,2024-02-13,三緯國際立體列印科技股份有限公司,已完成,何經理,2024-02-14,已核准,原型開發設備,硬體設備,重要,設備費用,PROC001
EXP010,何十二,品管部,2024-02-15,3500,3420,檢測設備,精密電子秤及測量工具組,INV-2024-010,2024-02-16,島津企業管理(中國)有限公司台灣分公司,已完成,馬主任,2024-02-17,已核准,品質檢測必要設備,檢測設備,重要,品管費用,QC001
EXP011,馬十三,生產部,2024-02-19,8500,8350,原物料,高品質塑膠原料及添加劑,INV-2024-011,2024-02-20,台塑石化股份有限公司,已完成,楊廠長,2024-02-21,已核准,生產線原料補充,原物料,緊急,生產成本,PROD001
EXP012,楊十四,客服部,2024-02-22,2000,1950,通訊費,客服專線電話系統月租費,INV-2024-012,2024-02-23,中華電信股份有限公司,已完成,蔡經理,2024-02-24,已核准,客戶服務必要支出,通訊費用,一般,營運費用,CS001
EXP013,蔡十五,企劃部,2024-02-26,4500,4380,市場調查,產業分析報告及市場研究費用,INV-2024-013,2024-02-27,資策會產業情報研究所,已完成,許總監,2024-02-28,已核准,策略規劃參考資料,市場研究,重要,企劃費用,PLAN001
EXP014,許十六,會計部,2024-03-01,1800,1750,軟體維護,會計軟體年度維護及更新費用,INV-2024-014,2024-03-02,鼎新電腦股份有限公司,已完成,謝主任,2024-03-03,已核准,財務系統維護,軟體維護,一般,資訊費用,ACC001
EXP015,謝十七,倉管部,2024-03-05,6500,6420,倉儲設備,自動化倉儲貨架及搬運設備,INV-2024-015,2024-03-06,豐田產業車輛股份有限公司,已完成,賴經理,2024-03-07,已核准,提升倉儲效率,倉儲設備,重要,倉管費用,WH001
EXP016,賴十八,安全部,2024-03-08,3200,3150,安全設備,消防設備檢查及更新,INV-2024-016,2024-03-09,中興保全股份有限公司,已完成,施主任,2024-03-10,已核准,工作場所安全維護,安全設備,重要,安全費用,SAFE001
EXP017,施十九,環保部,2024-03-12,5500,5380,環保設備,廢水處理設備維護及檢測,INV-2024-017,2024-03-13,台灣積體電路製造股份有限公司環工部,已完成,洪經理,2024-03-14,已核准,環保法規遵循,環保設備,重要,環保費用,ENV001
EXP018,洪二十,公關部,2024-03-15,7000,6850,公關活動,企業形象宣傳活動策劃執行,INV-2024-018,2024-03-16,奧美廣告股份有限公司,已完成,范總監,2024-03-17,已核准,品牌形象提升,公關宣傳,重要,公關費用,PR001
EXP019,范二一,投資部,2024-03-19,25000,24500,投資評估,併購案盡職調查及財務分析,INV-2024-019,2024-03-20,安永聯合會計師事務所,已完成,姚副總,2024-03-21,已核准,重大投資決策支援,專業服務,重要,投資費用,INV001
EXP020,姚二二,稽核部,2024-03-22,3800,3720,稽核軟體,內控制度檢查軟體授權費,INV-2024-020,2024-03-23,勤業眾信聯合會計師事務所,已完成,袁主任,2024-03-24,已核准,內控制度強化,軟體授權,重要,稽核費用,AUDIT001
EXP021,袁二三,資訊部,2024-03-26,9000,8850,網路設備,企業級路由器及交換器升級,INV-2024-021,2024-03-27,思科系統股份有限公司,已完成,李經理,2024-03-28,已核准,網路基礎建設強化,網路設備,重要,資訊設備,IT002
EXP022,高二四,行銷部,2024-03-29,4200,4150,廣告費,數位行銷廣告投放費用,INV-2024-022,2024-03-30,Google台灣有限公司,已完成,王總監,2024-03-31,已核准,產品推廣宣傳,廣告宣傳,重要,行銷費用,MKT002
EXP023,錢二五,財務部,2024-04-01,2800,2750,銀行手續費,國際匯款及信用狀開立手續費,INV-2024-023,2024-04-02,台灣銀行股份有限公司,已完成,陳副理,2024-04-03,已核准,國際貿易必要費用,金融服務,一般,財務費用,FIN002
EXP024,孫二六,人資部,2024-04-05,5200,5080,招募費用,人才獵頭服務及招募廣告費,INV-2024-024,2024-04-06,104人力銀行股份有限公司,已完成,林主任,2024-04-07,已核准,關鍵人才招募,人力資源,重要,人事費用,HR002
EXP025,李二七,業務部,2024-04-08,3600,3520,展覽費,國際貿易展覽攤位租借費,INV-2024-025,2024-04-09,台灣對外貿易發展協會,已完成,黃經理,2024-04-10,已核准,拓展海外市場,展覽參與,重要,業務費用,SALES002
EXP026,王二八,研發部,2024-04-12,18000,17650,研發設備,高精度測試儀器及校正服務,INV-2024-026,2024-04-13,安捷倫科技股份有限公司,已完成,劉總監,2024-04-14,已核准,產品開發必要設備,測試設備,重要,研發費用,RD002
EXP027,張二九,總務部,2024-04-15,2200,2150,清潔費,辦公室專業清潔及消毒服務,INV-2024-027,2024-04-16,信義清潔服務股份有限公司,已完成,吳主任,2024-04-17,已核准,工作環境維護,清潔服務,一般,總務費用,GA002
EXP028,陳三十,法務部,2024-04-19,8500,8320,訴訟費用,商業糾紛訴訟代理及相關費用,INV-2024-028,2024-04-20,萬國法律事務所,已完成,鄭律師,2024-04-21,已核准,法律權益保護,法律服務,緊急,法務費用,LEGAL002
EXP029,林三一,採購部,2024-04-22,12500,12280,辦公家具,人體工學辦公椅及升降桌組,INV-2024-029,2024-04-23,震旦集團股份有限公司,已完成,何經理,2024-04-24,已核准,員工工作環境改善,辦公家具,重要,設備費用,PROC002
EXP030,黃三二,品管部,2024-04-26,4800,4720,認證費用,ISO 9001品質管理系統認證費,INV-2024-030,2024-04-27,台灣檢驗科技股份有限公司,已完成,馬主任,2024-04-28,已核准,品質認證維持,認證服務,重要,品管費用,QC002
EXP031,吳三三,生產部,2024-04-29,16000,15750,機械維修,生產線設備大修及零件更換,INV-2024-031,2024-04-30,台灣精密機械股份有限公司,已完成,楊廠長,2024-05-01,已核准,生產設備維護,設備維修,緊急,生產成本,PROD002
EXP032,鄭三四,客服部,2024-05-02,2600,2550,培訓費用,客服人員專業技能培訓課程,INV-2024-032,2024-05-03,中華民國客戶服務協會,已完成,蔡經理,2024-05-04,已核准,服務品質提升,教育訓練,重要,營運費用,CS002
EXP033,王三五,企劃部,2024-05-06,6800,6650,顧問費,企業策略規劃顧問服務費,INV-2024-033,2024-05-07,麥肯錫企管顧問股份有限公司,已完成,許總監,2024-05-08,已核准,策略發展諮詢,專業服務,重要,企劃費用,PLAN002
EXP034,劉三六,會計部,2024-05-09,3400,3320,稅務服務,年度稅務申報及規劃服務,INV-2024-034,2024-05-10,資誠聯合會計師事務所,已完成,謝主任,2024-05-11,已核准,稅務法規遵循,專業服務,重要,財務費用,ACC002
EXP035,李三七,倉管部,2024-05-13,7200,7080,物流費用,第三方物流倉儲及配送服務,INV-2024-035,2024-05-14,統一速達股份有限公司,已完成,賴經理,2024-05-15,已核准,物流效率提升,物流服務,重要,倉管費用,WH002
EXP036,張三八,安全部,2024-05-16,4500,4420,保險費,員工團體保險及意外險保費,INV-2024-036,2024-05-17,國泰人壽保險股份有限公司,已完成,施主任,2024-05-18,已核准,員工保障完善,保險服務,重要,安全費用,SAFE002
EXP037,陳三九,環保部,2024-05-20,8800,8650,環評費用,環境影響評估及監測服務,INV-2024-037,2024-05-21,中興工程顧問股份有限公司,已完成,洪經理,2024-05-22,已核准,環保法規遵循,環境服務,重要,環保費用,ENV002
EXP038,林四十,公關部,2024-05-23,5600,5480,媒體費用,新聞稿發布及媒體關係維護,INV-2024-038,2024-05-24,聯合報系媒體事業群,已完成,范總監,2024-05-25,已核准,企業形象管理,媒體服務,重要,公關費用,PR002
EXP039,黃四一,投資部,2024-05-27,32000,31500,盡職調查,海外投資案法律及財務查核,INV-2024-039,2024-05-28,德勤商務法律事務所,已完成,姚副總,2024-05-29,已核准,投資風險評估,專業服務,重要,投資費用,INV002
EXP040,吳四二,稽核部,2024-05-30,4200,4120,內控檢查,內部控制制度有效性評估,INV-2024-040,2024-05-31,安侯建業聯合會計師事務所,已完成,袁主任,2024-06-01,已核准,內控制度完善,專業服務,重要,稽核費用,AUDIT002
EXP041,鄭四三,資訊部,2024-06-03,11000,10850,雲端服務,企業雲端平台年度使用費,INV-2024-041,2024-06-04,微軟股份有限公司,已完成,李經理,2024-06-05,已核准,數位轉型基礎建設,雲端服務,重要,資訊設備,IT003
EXP042,王四四,行銷部,2024-06-06,3800,3720,社群媒體,社群平台廣告投放及管理費,INV-2024-042,2024-06-07,Meta Platforms Taiwan Limited,已完成,王總監,2024-06-08,已核准,數位行銷推廣,數位廣告,重要,行銷費用,MKT003
EXP043,劉四五,財務部,2024-06-10,2400,2350,金融服務,企業金融商品諮詢服務費,INV-2024-043,2024-06-11,玉山商業銀行股份有限公司,已完成,陳副理,2024-06-12,已核准,資金管理優化,金融服務,一般,財務費用,FIN003
EXP044,李四六,人資部,2024-06-13,6200,6080,員工活動,年度員工旅遊及團建活動費,INV-2024-044,2024-06-14,雄獅旅遊集團股份有限公司,已完成,林主任,2024-06-15,已核准,員工福利提升,員工福利,重要,人事費用,HR003
EXP045,張四七,業務部,2024-06-17,4800,4720,客戶拜訪,重要客戶商務接待費用,INV-2024-045,2024-06-18,台北君悅酒店,已完成,黃經理,2024-06-19,已核准,客戶關係維護,招待費用,重要,業務費用,SALES003
EXP046,陳四八,研發部,2024-06-20,22000,21650,專利申請,多項技術專利申請及維護費,INV-2024-046,2024-06-21,智慧財產局,已完成,劉總監,2024-06-22,已核准,智慧財產權保護,專利服務,重要,研發費用,RD003
EXP047,林四九,總務部,2024-06-24,3200,3150,水電費,辦公大樓水電及瓦斯費用,INV-2024-047,2024-06-25,台灣電力股份有限公司,已完成,吳主任,2024-06-26,已核准,基本營運支出,公用事業,一般,總務費用,GA003
EXP048,黃五十,法務部,2024-06-27,7500,7350,合約審查,重要商業合約法律審查服務,INV-2024-048,2024-06-28,眾達國際法律事務所,已完成,鄭律師,2024-06-29,已核准,法律風險控管,法律服務,重要,法務費用,LEGAL003
EXP049,吳五一,採購部,2024-07-01,14000,13750,供應商評估,供應商稽核及評鑑服務費,INV-2024-049,2024-07-02,台灣檢驗科技股份有限公司,已完成,何經理,2024-07-03,已核准,供應鏈品質管控,專業服務,重要,設備費用,PROC003
EXP050,鄭五二,品管部,2024-07-05,5500,5380,實驗室設備,精密分析儀器校正及維護,INV-2024-050,2024-07-06,島津企業管理(中國)有限公司台灣分公司,已完成,馬主任,2024-07-07,已核准,檢測精度維持,設備維護,重要,品管費用,QC003
EXP051,王五三,生產部,2024-07-08,19000,18650,自動化設備,生產線自動化改善專案,INV-2024-051,2024-07-09,三菱電機股份有限公司,已完成,楊廠長,2024-07-10,已核准,生產效率提升,自動化設備,重要,生產成本,PROD003
EXP052,劉五四,客服部,2024-07-12,2800,2750,客服系統,客戶關係管理系統升級費,INV-2024-052,2024-07-13,Salesforce Taiwan Limited,已完成,蔡經理,2024-07-14,已核准,客戶服務效率提升,軟體升級,重要,營運費用,CS003
EXP053,李五五,企劃部,2024-07-15,7800,7650,市場研究,競爭對手分析及市場趨勢報告,INV-2024-053,2024-07-16,尼爾森市場研究顧問股份有限公司,已完成,許總監,2024-07-17,已核准,策略規劃參考,市場研究,重要,企劃費用,PLAN003
EXP054,張五六,會計部,2024-07-19,3800,3720,財務軟體,ERP系統財務模組升級費用,INV-2024-054,2024-07-20,SAP台灣商思愛普軟體系統股份有限公司,已完成,謝主任,2024-07-21,已核准,財務管理效率提升,軟體升級,重要,資訊費用,ACC003
EXP055,陳五七,倉管部,2024-07-22,8500,8350,倉儲系統,智慧倉儲管理系統導入費,INV-2024-055,2024-07-23,鼎新電腦股份有限公司,已完成,賴經理,2024-07-24,已核准,倉儲管理數位化,系統導入,重要,倉管費用,WH003
EXP056,林五八,安全部,2024-07-26,5200,5080,監控設備,辦公區域監控系統升級,INV-2024-056,2024-07-27,海康威視數字技術股份有限公司,已完成,施主任,2024-07-28,已核准,安全防護強化,監控設備,重要,安全費用,SAFE003
EXP057,黃五九,環保部,2024-07-29,9500,9320,廢棄物處理,有害廢棄物專業處理服務,INV-2024-057,2024-07-30,台灣環境管理股份有限公司,已完成,洪經理,2024-07-31,已核准,環保法規遵循,環保服務,重要,環保費用,ENV003
EXP058,吳六十,公關部,2024-08-01,6500,6380,品牌活動,企業品牌形象活動策劃執行,INV-2024-058,2024-08-02,電通安吉斯集團台灣,已完成,范總監,2024-08-03,已核准,品牌價值提升,品牌活動,重要,公關費用,PR003
EXP059,鄭六一,投資部,2024-08-05,28000,27500,投資分析,新興市場投資機會評估報告,INV-2024-059,2024-08-06,摩根士丹利證券股份有限公司,已完成,姚副總,2024-08-07,已核准,投資決策支援,投資分析,重要,投資費用,INV003
EXP060,王六二,稽核部,2024-08-08,4800,4720,風險評估,企業營運風險評估及控制建議,INV-2024-060,2024-08-09,畢馬威企業諮詢股份有限公司,已完成,袁主任,2024-08-10,已核准,風險管控強化,風險管理,重要,稽核費用,AUDIT003
EXP061,劉六三,資訊部,2024-08-12,13500,13250,資安服務,企業資訊安全防護系統建置,INV-2024-061,2024-08-13,趨勢科技股份有限公司,已完成,李經理,2024-08-14,已核准,資訊安全強化,資安服務,重要,資訊設備,IT004
EXP062,李六四,行銷部,2024-08-15,4500,4420,內容行銷,品牌內容創作及影片製作費,INV-2024-062,2024-08-16,夢想動畫股份有限公司,已完成,王總監,2024-08-17,已核准,品牌內容豐富化,內容製作,重要,行銷費用,MKT004
EXP063,張六五,財務部,2024-08-19,3200,3150,投資顧問,企業理財規劃顧問服務費,INV-2024-063,2024-08-20,富邦證券股份有限公司,已完成,陳副理,2024-08-21,已核准,資金運用優化,投資顧問,一般,財務費用,FIN004
EXP064,陳六六,人資部,2024-08-22,7200,7080,績效管理,員工績效評估系統導入費,INV-2024-064,2024-08-23,人易科技股份有限公司,已完成,林主任,2024-08-24,已核准,人力資源管理優化,系統導入,重要,人事費用,HR004
EXP065,林六七,業務部,2024-08-26,5500,5380,業務工具,CRM客戶關係管理系統擴充,INV-2024-065,2024-08-27,Oracle台灣分公司,已完成,黃經理,2024-08-28,已核准,業務效率提升,軟體擴充,重要,業務費用,SALES004
EXP066,黃六八,研發部,2024-08-29,26000,25500,研發合作,產學合作研發專案費用,INV-2024-066,2024-08-30,國立台灣大學,已完成,劉總監,2024-08-31,已核准,技術創新發展,產學合作,重要,研發費用,RD004
EXP067,吳六九,總務部,2024-09-02,3600,3520,辦公室租金,辦公空間月租及管理費,INV-2024-067,2024-09-03,信義房屋仲介股份有限公司,已完成,吳主任,2024-09-04,已核准,基本營運支出,租金費用,一般,總務費用,GA004
EXP068,鄭七十,法務部,2024-09-05,8800,8650,智財服務,商標及專利組合管理服務,INV-2024-068,2024-09-06,寰瀛法律事務所,已完成,鄭律師,2024-09-07,已核准,智慧財產權管理,智財服務,重要,法務費用,LEGAL004
EXP069,王七一,採購部,2024-09-09,16500,16250,採購系統,電子採購平台建置及維護,INV-2024-069,2024-09-10,Ariba Taiwan Limited,已完成,何經理,2024-09-11,已核准,採購流程數位化,系統建置,重要,設備費用,PROC004
EXP070,劉七二,品管部,2024-09-12,6200,6080,品質認證,多項國際品質認證申請費,INV-2024-070,2024-09-13,德國萊因技術監護顧問股份有限公司,已完成,馬主任,2024-09-14,已核准,品質標準提升,認證服務,重要,品管費用,QC004
EXP071,李七三,生產部,2024-09-16,21000,20650,設備升級,生產設備智慧化改造專案,INV-2024-071,2024-09-17,西門子股份有限公司,已完成,楊廠長,2024-09-18,已核准,工業4.0轉型,設備升級,重要,生產成本,PROD004
EXP072,張七四,客服部,2024-09-19,3200,3150,客服培訓,多語言客服人員培訓課程,INV-2024-072,2024-09-20,英國文化協會,已完成,蔡經理,2024-09-21,已核准,服務品質國際化,語言培訓,重要,營運費用,CS004
EXP073,陳七五,企劃部,2024-09-23,8500,8350,策略諮詢,數位轉型策略規劃顧問服務,INV-2024-073,2024-09-24,波士頓顧問公司,已完成,許總監,2024-09-25,已核准,企業轉型規劃,策略諮詢,重要,企劃費用,PLAN004
EXP074,林七六,會計部,2024-09-26,4200,4120,稽核軟體,財務稽核自動化軟體授權,INV-2024-074,2024-09-27,ACL Services Ltd.,已完成,謝主任,2024-09-28,已核准,稽核效率提升,軟體授權,重要,財務費用,ACC004
EXP075,黃七七,倉管部,2024-09-30,9200,9050,物流優化,供應鏈物流優化顧問服務,INV-2024-075,2024-10-01,DHL Supply Chain Taiwan,已完成,賴經理,2024-10-02,已核准,物流效率提升,物流顧問,重要,倉管費用,WH004
EXP076,吳七八,安全部,2024-10-03,5800,5680,安全訓練,職業安全衛生教育訓練課程,INV-2024-076,2024-10-04,中華民國工業安全衛生協會,已完成,施主任,2024-10-05,已核准,安全意識提升,安全訓練,重要,安全費用,SAFE004
EXP077,鄭七九,環保部,2024-10-07,10500,10320,環境監測,空氣及水質環境監測服務,INV-2024-077,2024-10-08,環興科技股份有限公司,已完成,洪經理,2024-10-09,已核准,環境品質監控,環境監測,重要,環保費用,ENV004
EXP078,王八十,公關部,2024-10-10,7200,7080,危機處理,企業危機公關處理顧問服務,INV-2024-078,2024-10-11,偉達公關顧問股份有限公司,已完成,范總監,2024-10-12,已核准,企業形象維護,危機公關,重要,公關費用,PR004
EXP079,劉八一,投資部,2024-10-14,35000,34500,併購顧問,企業併購交易顧問服務費,INV-2024-079,2024-10-15,高盛證券股份有限公司,已完成,姚副總,2024-10-16,已核准,併購交易執行,併購顧問,重要,投資費用,INV004
EXP080,李八二,稽核部,2024-10-17,5500,5380,合規檢查,法規遵循制度建立及檢查,INV-2024-080,2024-10-18,Ernst & Young Taiwan,已完成,袁主任,2024-10-19,已核准,法規遵循強化,合規服務,重要,稽核費用,AUDIT004
EXP081,張八三,資訊部,2024-10-21,15000,14750,數據分析,大數據分析平台建置費用,INV-2024-081,2024-10-22,IBM台灣國際商業機器股份有限公司,已完成,李經理,2024-10-23,已核准,數據驅動決策,數據平台,重要,資訊設備,IT005
EXP082,陳八四,行銷部,2024-10-24,5200,5080,行銷自動化,行銷自動化平台導入費用,INV-2024-082,2024-10-25,HubSpot Taiwan,已完成,王總監,2024-10-26,已核准,行銷效率提升,行銷工具,重要,行銷費用,MKT005
EXP083,林八五,財務部,2024-10-28,3800,3720,財務規劃,企業財務策略規劃服務費,INV-2024-083,2024-10-29,安侯建業聯合會計師事務所,已完成,陳副理,2024-10-30,已核准,財務策略優化,財務顧問,重要,財務費用,FIN005
EXP084,黃八六,人資部,2024-10-31,8200,8080,人才發展,領導力發展培訓專案費用,INV-2024-084,2024-11-01,DDI美商宏智國際顧問有限公司台灣分公司,已完成,林主任,2024-11-02,已核准,領導人才培育,領導力培訓,重要,人事費用,HR005
EXP085,吳八七,業務部,2024-11-04,6200,6080,業務分析,銷售數據分析及預測服務,INV-2024-085,2024-11-05,SAS Institute Taiwan Ltd.,已完成,黃經理,2024-11-06,已核准,業務決策支援,數據分析,重要,業務費用,SALES005
EXP086,鄭八八,研發部,2024-11-07,28000,27500,技術授權,關鍵技術專利授權費用,INV-2024-086,2024-11-08,Qualcomm Taiwan Limited,已完成,劉總監,2024-11-09,已核准,技術能力提升,技術授權,重要,研發費用,RD005
EXP087,王八九,總務部,2024-11-11,4200,4120,設施管理,智慧建築管理系統維護費,INV-2024-087,2024-11-12,施耐德電機股份有限公司,已完成,吳主任,2024-11-13,已核准,設施管理現代化,設施管理,重要,總務費用,GA005
EXP088,劉九十,法務部,2024-11-14,9500,9320,法律科技,法律文件管理系統建置費,INV-2024-088,2024-11-15,LegalTech Solutions Taiwan,已完成,鄭律師,2024-11-16,已核准,法務作業數位化,法律科技,重要,法務費用,LEGAL005
EXP089,李九一,採購部,2024-11-18,18000,17650,供應鏈管理,供應鏈風險管理系統導入,INV-2024-089,2024-11-19,Oracle Supply Chain Management,已完成,何經理,2024-11-20,已核准,供應鏈韌性提升,供應鏈系統,重要,設備費用,PROC005
EXP090,張九二,品管部,2024-11-21,6800,6650,品質系統,全面品質管理系統升級費,INV-2024-090,2024-11-22,Minitab Taiwan,已完成,馬主任,2024-11-23,已核准,品質管理現代化,品質系統,重要,品管費用,QC005
EXP091,陳九三,生產部,2024-11-25,23000,22650,智慧製造,智慧工廠解決方案導入費,INV-2024-091,2024-11-26,Rockwell Automation Taiwan,已完成,楊廠長,2024-11-27,已核准,製造業數位轉型,智慧製造,重要,生產成本,PROD005
EXP092,林九四,客服部,2024-11-28,3800,3720,AI客服,人工智慧客服系統建置費,INV-2024-092,2024-11-29,Chatbot Taiwan Limited,已完成,蔡經理,2024-11-30,已核准,客服自動化升級,AI系統,重要,營運費用,CS005
EXP093,黃九五,企劃部,2024-12-02,9200,9050,創新管理,企業創新管理顧問服務費,INV-2024-093,2024-12-03,IDEO Taiwan,已完成,許總監,2024-12-04,已核准,創新能力提升,創新顧問,重要,企劃費用,PLAN005
EXP094,吳九六,會計部,2024-12-05,4800,4720,財務分析,高階財務分析軟體授權費,INV-2024-094,2024-12-06,Tableau Software Taiwan,已完成,謝主任,2024-12-07,已核准,財務洞察力提升,分析軟體,重要,財務費用,ACC005
EXP095,鄭九七,倉管部,2024-12-09,10500,10320,倉儲自動化,自動化倉儲系統擴建費用,INV-2024-095,2024-12-10,KUKA Robotics Taiwan,已完成,賴經理,2024-12-11,已核准,倉儲效率最大化,自動化系統,重要,倉管費用,WH005
EXP096,王九八,安全部,2024-12-12,6500,6380,網路安全,企業網路安全防護升級費,INV-2024-096,2024-12-13,Palo Alto Networks Taiwan,已完成,施主任,2024-12-14,已核准,資訊安全強化,網路安全,重要,安全費用,SAFE005
EXP097,劉九九,環保部,2024-12-16,11200,10980,綠能系統,太陽能發電系統建置費用,INV-2024-097,2024-12-17,台達電子工業股份有限公司,已完成,洪經理,2024-12-18,已核准,綠色能源轉型,綠能設備,重要,環保費用,ENV005
EXP098,李一百,公關部,2024-12-19,8200,8080,數位公關,數位媒體公關策略執行費,INV-2024-098,2024-12-20,Edelman Taiwan,已完成,范總監,2024-12-21,已核准,數位時代公關,數位公關,重要,公關費用,PR005
EXP099,張一零一,投資部,2024-12-23,42000,41500,基金管理,企業創投基金管理費用,INV-2024-099,2024-12-24,BlackRock Taiwan Limited,已完成,姚副總,2024-12-25,已核准,投資組合管理,基金管理,重要,投資費用,INV005
EXP100,陳一零二,稽核部,2024-12-26,6200,6080,數位稽核,數位化稽核工具導入費用,INV-2024-100,2024-12-27,KPMG Digital Taiwan,已完成,袁主任,2024-12-28,已核准,稽核作業現代化,數位稽核,重要,稽核費用,AUDIT005
EXP101,林一零三,資訊部,2024-12-29,17000,16750,AI平台,人工智慧開發平台年度授權,INV-2024-101,2024-12-30,NVIDIA Taiwan Limited,已完成,李經理,2024-12-31,已核准,AI技術導入,AI平台,重要,資訊設備,IT006
EXP102,黃一零四,行銷部,2025-01-02,5800,5680,影響者行銷,KOL合作及社群影響者行銷費,INV-2025-001,2025-01-03,Social Media Marketing Taiwan,已完成,王總監,2025-01-04,已核准,社群行銷擴展,影響者行銷,重要,行銷費用,MKT006
EXP103,吳一零五,財務部,2025-01-06,4200,4120,區塊鏈服務,區塊鏈金融應用顧問服務,INV-2025-002,2025-01-07,ConsenSys Taiwan,已完成,陳副理,2025-01-08,已核准,金融科技創新,區塊鏈服務,重要,財務費用,FIN006
EXP104,鄭一零六,人資部,2025-01-09,9200,9050,遠距工作,遠距工作管理平台建置費,INV-2025-003,2025-01-10,Zoom Taiwan Limited,已完成,林主任,2025-01-11,已核准,工作模式現代化,遠距工作,重要,人事費用,HR006
EXP105,王一零七,業務部,2025-01-13,6800,6650,電商平台,B2B電商平台開發及維護,INV-2025-004,2025-01-14,Shopify Taiwan,已完成,黃經理,2025-01-15,已核准,數位銷售通路,電商平台,重要,業務費用,SALES006
EXP106,劉一零八,研發部,2025-01-16,32000,31500,量子運算,量子運算研究合作專案費,INV-2025-005,2025-01-17,IBM Quantum Taiwan,已完成,劉總監,2025-01-18,已核准,前瞻技術研發,量子運算,重要,研發費用,RD006
EXP107,李一零九,總務部,2025-01-20,4800,4720,綠建築認證,LEED綠建築認證申請費用,INV-2025-006,2025-01-21,台灣綠建築發展協會,已完成,吳主任,2025-01-22,已核准,永續發展目標,綠建築認證,重要,總務費用,GA006
EXP108,張一一零,法務部,2025-01-23,10500,10320,數據保護,GDPR數據保護合規顧問服務,INV-2025-007,2025-01-24,Privacy International Taiwan,已完成,鄭律師,2025-01-25,已核准,數據隱私保護,數據保護,重要,法務費用,LEGAL006
EXP109,陳一一一,採購部,2025-01-27,20000,19650,永續採購,永續供應鏈管理顧問服務,INV-2025-008,2025-01-28,Sustainable Supply Chain Taiwan,已完成,何經理,2025-01-29,已核准,ESG永續發展,永續採購,重要,設備費用,PROC006
EXP110,林一一二,品管部,2025-01-30,7500,7350,數位品管,數位化品質管理系統導入,INV-2025-009,2025-01-31,Digital Quality Taiwan,已完成,馬主任,2025-02-01,已核准,品質管理數位化,數位品管,重要,品管費用,QC006
EXP111,黃一一三,生產部,2025-02-03,25000,24650,碳中和,碳足跡管理及碳中和顧問,INV-2025-010,2025-02-04,Carbon Trust Taiwan,已完成,楊廠長,2025-02-05,已核准,環境永續目標,碳中和,重要,生產成本,PROD006
EXP112,吳一一四,客服部,2025-02-06,4200,4120,多語AI客服,多語言AI客服系統升級,INV-2025-011,2025-02-07,Multilingual AI Taiwan,已完成,蔡經理,2025-02-08,已核准,國際化服務,多語AI客服,重要,營運費用,CS006
EXP113,鄭一一五,企劃部,2025-02-10,10200,10050,元宇宙策略,元宇宙商業應用策略規劃,INV-2025-012,2025-02-11,Metaverse Consulting Taiwan,已完成,許總監,2025-02-12,已核准,未來商業模式,元宇宙策略,重要,企劃費用,PLAN006
EXP114,王一一六,會計部,2025-02-13,5500,5380,自動化會計,會計作業自動化系統導入,INV-2025-013,2025-02-14,Automation Accounting Taiwan,已完成,謝主任,2025-02-15,已核准,會計效率提升,自動化會計,重要,財務費用,ACC006
EXP115,劉一一七,倉管部,2025-02-17,12000,11850,無人倉儲,無人化倉儲系統建置費用,INV-2025-014,2025-02-18,Autonomous Warehouse Taiwan,已完成,賴經理,2025-02-19,已核准,倉儲無人化,無人倉儲,重要,倉管費用,WH006
EXP116,李一一八,安全部,2025-02-20,7200,7080,零信任架構,零信任網路安全架構建置,INV-2025-015,2025-02-21,Zero Trust Security Taiwan,已完成,施主任,2025-02-22,已核准,安全架構升級,零信任架構,重要,安全費用,SAFE006
EXP117,張一一九,環保部,2025-02-24,12500,12280,循環經濟,循環經濟商業模式顧問服務,INV-2025-016,2025-02-25,Circular Economy Taiwan,已完成,洪經理,2025-02-26,已核准,永續商業模式,循環經濟,重要,環保費用,ENV006
EXP118,陳一二零,公關部,2025-02-27,8800,8650,Web3公關,Web3及NFT公關策略服務,INV-2025-017,2025-02-28,Web3 PR Taiwan,已完成,范總監,2025-03-01,已核准,數位資產公關,Web3公關,重要,公關費用,PR006
EXP119,林一二一,投資部,2025-03-03,45000,44500,ESG投資,ESG永續投資基金管理費,INV-2025-018,2025-03-04,ESG Investment Taiwan,已完成,姚副總,2025-03-05,已核准,永續投資策略,ESG投資,重要,投資費用,INV006
EXP120,黃一二二,稽核部,2025-03-06,6800,6650,持續稽核,持續性稽核系統建置費用,INV-2025-019,2025-03-07,Continuous Audit Taiwan,已完成,袁主任,2025-03-08,已核准,稽核作業持續化,持續稽核,重要,稽核費用,AUDIT006
EXP121,吳一二三,資訊部,2025-03-10,19000,18750,邊緣運算,邊緣運算基礎設施建置費,INV-2025-020,2025-03-11,Edge Computing Taiwan,已完成,李經理,2025-03-12,已核准,運算架構升級,邊緣運算,重要,資訊設備,IT007
EXP122,鄭一二四,行銷部,2025-03-13,6500,6380,虛實整合行銷,OMO虛實整合行銷平台,INV-2025-021,2025-03-14,OMO Marketing Taiwan,已完成,王總監,2025-03-15,已核准,行銷通路整合,虛實整合行銷,重要,行銷費用,MKT007
EXP123,王一二五,財務部,2025-03-17,4800,4720,數位貨幣,央行數位貨幣研究顧問費,INV-2025-022,2025-03-18,CBDC Research Taiwan,已完成,陳副理,2025-03-19,已核准,金融創新研究,數位貨幣,重要,財務費用,FIN007
EXP124,劉一二六,人資部,2025-03-20,10500,10320,人才分析,人力資源數據分析平台費,INV-2025-023,2025-03-21,HR Analytics Taiwan,已完成,林主任,2025-03-22,已核准,人才管理科學化,人才分析,重要,人事費用,HR007
EXP125,李一二七,業務部,2025-03-24,7500,7350,社交商務,社交媒體電商整合平台費,INV-2025-024,2025-03-25,Social Commerce Taiwan,已完成,黃經理,2025-03-26,已核准,社交銷售通路,社交商務,重要,業務費用,SALES007
EXP126,張一二八,研發部,2025-03-27,35000,34500,生物科技,生物技術研發合作專案費,INV-2025-025,2025-03-28,Biotech Research Taiwan,已完成,劉總監,2025-03-29,已核准,生技領域拓展,生物科技,重要,研發費用,RD007
EXP127,陳一二九,總務部,2025-03-31,5200,5080,智慧辦公,智慧辦公室系統整合費用,INV-2025-026,2025-04-01,Smart Office Taiwan,已完成,吳主任,2025-04-02,已核准,辦公環境智慧化,智慧辦公,重要,總務費用,GA007
EXP128,林一三零,法務部,2025-04-03,11500,11280,法律科技AI,AI法律文件分析系統費,INV-2025-027,2025-04-04,LegalTech AI Taiwan,已完成,鄭律師,2025-04-05,已核准,法務作業AI化,法律科技AI,重要,法務費用,LEGAL007
EXP129,黃一三一,採購部,2025-04-07,22000,21650,智慧採購,AI智慧採購決策系統費,INV-2025-028,2025-04-08,Smart Procurement Taiwan,已完成,何經理,2025-04-09,已核准,採購決策智慧化,智慧採購,重要,設備費用,PROC007
EXP130,吳一三二,品管部,2025-04-10,8200,8080,預測性品管,預測性品質管理系統費,INV-2025-029,2025-04-11,Predictive Quality Taiwan,已完成,馬主任,2025-04-12,已核准,品質管理預測化,預測性品管,重要,品管費用,QC007
EXP131,鄭一三三,生產部,2025-04-14,27000,26650,數位孿生,數位孿生工廠建置費用,INV-2025-030,2025-04-15,Digital Twin Taiwan,已完成,楊廠長,2025-04-16,已核准,製造數位化,數位孿生,重要,生產成本,PROD007
EXP132,王一三四,客服部,2025-04-17,4800,4720,情感AI,情感識別AI客服系統費,INV-2025-031,2025-04-18,Emotion AI Taiwan,已完成,蔡經理,2025-04-19,已核准,客服情感化,情感AI,重要,營運費用,CS007
EXP133,劉一三五,企劃部,2025-04-21,11200,11050,數位轉型,全面數位轉型顧問服務費,INV-2025-032,2025-04-22,Digital Transformation Taiwan,已完成,許總監,2025-04-23,已核准,企業全面數位化,數位轉型,重要,企劃費用,PLAN007
EXP134,李一三六,會計部,2025-04-24,6200,6080,智能財務,智能財務管理系統導入費,INV-2025-033,2025-04-25,Intelligent Finance Taiwan,已完成,謝主任,2025-04-26,已核准,財務管理智能化,智能財務,重要,財務費用,ACC007
EXP135,張一三七,倉管部,2025-04-28,13500,13250,協作機器人,倉儲協作機器人系統費,INV-2025-034,2025-04-29,Collaborative Robot Taiwan,已完成,賴經理,2025-04-30,已核准,倉儲自動化升級,協作機器人,重要,倉管費用,WH007
EXP136,陳一三八,安全部,2025-05-01,8200,8080,量子加密,量子加密通訊系統建置費,INV-2025-035,2025-05-02,Quantum Encryption Taiwan,已完成,施主任,2025-05-03,已核准,通訊安全升級,量子加密,重要,安全費用,SAFE007
EXP137,林一三九,環保部,2025-05-05,14000,13750,碳捕捉技術,碳捕捉及儲存技術研究費,INV-2025-036,2025-05-06,Carbon Capture Taiwan,已完成,洪經理,2025-05-07,已核准,氣候變遷對策,碳捕捉技術,重要,環保費用,ENV007
EXP138,黃一四零,公關部,2025-05-08,9500,9320,虛擬活動,虛擬實境公關活動製作費,INV-2025-037,2025-05-09,VR Event Taiwan,已完成,范總監,2025-05-10,已核准,公關活動創新,虛擬活動,重要,公關費用,PR007
EXP139,吳一四一,投資部,2025-05-12,48000,47500,太空經濟,太空產業投資評估顧問費,INV-2025-038,2025-05-13,Space Economy Taiwan,已完成,姚副總,2025-05-14,已核准,新興產業投資,太空經濟,重要,投資費用,INV007
EXP140,鄭一四二,稽核部,2025-05-15,7500,7350,區塊鏈稽核,區塊鏈稽核技術導入費,INV-2025-039,2025-05-16,Blockchain Audit Taiwan,已完成,袁主任,2025-05-17,已核准,稽核技術創新,區塊鏈稽核,重要,稽核費用,AUDIT007
EXP141,王一四三,資訊部,2025-05-19,21000,20750,神經網路,深度學習神經網路平台費,INV-2025-040,2025-05-20,Neural Network Taiwan,已完成,李經理,2025-05-21,已核准,AI技術深化,神經網路,重要,資訊設備,IT008
EXP142,劉一四四,行銷部,2025-05-22,7200,7080,腦機介面行銷,腦機介面行銷研究費用,INV-2025-041,2025-05-23,BCI Marketing Taiwan,已完成,王總監,2025-05-24,已核准,未來行銷技術,腦機介面行銷,重要,行銷費用,MKT008
EXP143,李一四五,財務部,2025-05-26,5500,5380,量子金融,量子運算金融應用研究費,INV-2025-042,2025-05-27,Quantum Finance Taiwan,已完成,陳副理,2025-05-28,已核准,金融科技前瞻,量子金融,重要,財務費用,FIN008
EXP144,張一四六,人資部,2025-05-29,12000,11850,基因人才學,基因檢測人才適性分析費,INV-2025-043,2025-05-30,Genetic HR Taiwan,已完成,林主任,2025-05-31,已核准,人才科學化管理,基因人才學,重要,人事費用,HR008
EXP145,陳一四七,業務部,2025-06-02,8500,8350,全息投影銷售,全息投影銷售展示系統費,INV-2025-044,2025-06-03,Hologram Sales Taiwan,已完成,黃經理,2025-06-04,已核准,銷售展示創新,全息投影銷售,重要,業務費用,SALES008
EXP146,林一四八,研發部,2025-06-05,38000,37500,奈米技術,奈米材料研發合作專案費,INV-2025-045,2025-06-06,Nanotechnology Taiwan,已完成,劉總監,2025-06-07,已核准,材料科學突破,奈米技術,重要,研發費用,RD008
EXP147,黃一四九,總務部,2025-06-09,5800,5680,自癒建築,自我修復建築材料研究費,INV-2025-046,2025-06-10,Self-Healing Building Taiwan,已完成,吳主任,2025-06-11,已核准,建築技術創新,自癒建築,重要,總務費用,GA008
EXP148,吳一五零,法務部,2025-06-12,12500,12280,AI法官,AI輔助法律判決系統費,INV-2025-047,2025-06-13,AI Judge Taiwan,已完成,鄭律師,2025-06-14,已核准,法律AI化,AI法官,重要,法務費用,LEGAL008
EXP149,鄭一五一,採購部,2025-06-16,24000,23650,分子採購,分子級材料採購系統費,INV-2025-048,2025-06-17,Molecular Procurement Taiwan,已完成,何經理,2025-06-18,已核准,採購精密化,分子採購,重要,設備費用,PROC008
EXP150,王一五二,品管部,2025-06-19,9200,9050,量子品管,量子感測品質檢測系統費,INV-2025-049,2025-06-20,Quantum Quality Taiwan,已完成,馬主任,2025-06-21,已核准,品質檢測革新,量子品管,重要,品管費用,QC008
EXP151,劉一五三,生產部,2025-06-23,29000,28650,分子組裝,分子級精密組裝系統費,INV-2025-050,2025-06-24,Molecular Assembly Taiwan,已完成,楊廠長,2025-06-25,已核准,製造精度革命,分子組裝,重要,生產成本,PROD008
EXP152,李一五四,客服部,2025-06-26,5500,5380,心靈感應客服,腦波客服溝通系統費,INV-2025-051,2025-06-27,Telepathic Service Taiwan,已完成,蔡經理,2025-06-28,已核准,客服革命性創新,心靈感應客服,重要,營運費用,CS008
EXP153,張一五五,企劃部,2025-06-30,12800,12650,時空策略,四維時空策略規劃費用,INV-2025-052,2025-07-01,4D Strategy Taiwan,已完成,許總監,2025-07-02,已核准,策略規劃革新,時空策略,重要,企劃費用,PLAN008
EXP154,陳一五六,會計部,2025-07-03,6800,6650,量子會計,量子並行會計處理系統費,INV-2025-053,2025-07-04,Quantum Accounting Taiwan,已完成,謝主任,2025-07-05,已核准,會計處理革命,量子會計,重要,財務費用,ACC008
EXP155,林一五七,倉管部,2025-07-07,15000,14750,瞬移倉儲,量子瞬移倉儲系統費用,INV-2025-054,2025-07-08,Teleportation Warehouse Taiwan,已完成,賴經理,2025-07-09,已核准,物流革命性突破,瞬移倉儲,重要,倉管費用,WH008
EXP156,黃一五八,安全部,2025-07-10,9200,9050,意識防火牆,意識層級安全防護系統費,INV-2025-055,2025-07-11,Consciousness Security Taiwan,已完成,施主任,2025-07-12,已核准,安全防護升維,意識防火牆,重要,安全費用,SAFE008
EXP157,吳一五九,環保部,2025-07-14,15500,15280,時間逆轉環保,時間逆轉環境修復費用,INV-2025-056,2025-07-15,Time Reversal Eco Taiwan,已完成,洪經理,2025-07-16,已核准,環保技術突破,時間逆轉環保,重要,環保費用,ENV008
EXP158,鄭一六零,公關部,2025-07-17,10500,10320,多維度公關,多維度空間公關服務費,INV-2025-057,2025-07-18,Multidimensional PR Taiwan,已完成,范總監,2025-07-19,已核准,公關服務升維,多維度公關,重要,公關費用,PR008
EXP159,王一六一,投資部,2025-07-21,52000,51500,宇宙投資,跨宇宙投資基金管理費,INV-2025-058,2025-07-22,Universe Investment Taiwan,已完成,姚副總,2025-07-23,已核准,投資範圍擴展,宇宙投資,重要,投資費用,INV008
EXP160,劉一六二,稽核部,2025-07-24,8500,8350,預知稽核,未來預知稽核系統費用,INV-2025-059,2025-07-25,Precognitive Audit Taiwan,已完成,袁主任,2025-07-26,已核准,稽核能力升級,預知稽核,重要,稽核費用,AUDIT008
EXP161,李一六三,資訊部,2025-07-28,23000,22750,意識運算,意識層級運算平台費用,INV-2025-060,2025-07-29,Consciousness Computing Taiwan,已完成,李經理,2025-07-30,已核准,運算技術革命,意識運算,重要,資訊設備,IT009
EXP162,張一六四,行銷部,2025-07-31,8200,8080,夢境行銷,夢境植入行銷服務費用,INV-2025-061,2025-08-01,Dream Marketing Taiwan,已完成,王總監,2025-08-02,已核准,行銷技術突破,夢境行銷,重要,行銷費用,MKT009
EXP163,陳一六五,財務部,2025-08-04,6200,6080,靈魂金融,靈魂層級金融服務費用,INV-2025-062,2025-08-05,Soul Finance Taiwan,已完成,陳副理,2025-08-06,已核准,金融服務升華,靈魂金融,重要,財務費用,FIN009
EXP164,林一六六,人資部,2025-08-07,13500,13250,靈魂人資,靈魂契合度人才配對費,INV-2025-063,2025-08-08,Soul HR Taiwan,已完成,林主任,2025-08-09,已核准,人才配對革新,靈魂人資,重要,人事費用,HR009
EXP165,黃一六七,業務部,2025-08-11,9500,9320,心靈銷售,心靈層級銷售服務費用,INV-2025-064,2025-08-12,Mind Sales Taiwan,已完成,黃經理,2025-08-13,已核准,銷售技術升華,心靈銷售,重要,業務費用,SALES009
EXP166,吳一六八,研發部,2025-08-14,42000,41500,創造力研發,純創造力研發專案費用,INV-2025-065,2025-08-15,Creativity R&D Taiwan,已完成,劉總監,2025-08-16,已核准,研發能力升華,創造力研發,重要,研發費用,RD009
EXP167,鄭一六九,總務部,2025-08-18,6500,6380,和諧空間,空間和諧能量調整費用,INV-2025-066,2025-08-19,Harmony Space Taiwan,已完成,吳主任,2025-08-20,已核准,空間能量優化,和諧空間,重要,總務費用,GA009
EXP168,王一七零,法務部,2025-08-21,14000,13750,宇宙法律,宇宙法則諮詢服務費用,INV-2025-067,2025-08-22,Universal Law Taiwan,已完成,鄭律師,2025-08-23,已核准,法律服務升維,宇宙法律,重要,法務費用,LEGAL009
EXP169,劉一七一,採購部,2025-08-25,26000,25650,能量採購,純能量採購系統費用,INV-2025-068,2025-08-26,Energy Procurement Taiwan,已完成,何經理,2025-08-27,已核准,採購方式革新,能量採購,重要,設備費用,PROC009
EXP170,李一七二,品管部,2025-08-28,10500,10320,完美品質,絕對完美品質系統費用,INV-2025-069,2025-08-29,Perfect Quality Taiwan,已完成,馬主任,2025-08-30,已核准,品質標準升華,完美品質,重要,品管費用,QC009
EXP171,張一七三,生產部,2025-09-01,32000,31650,無限生產,無限可能生產系統費用,INV-2025-070,2025-09-02,Infinite Production Taiwan,已完成,楊廠長,2025-09-03,已核准,生產能力無限化,無限生產,重要,生產成本,PROD009
EXP172,陳一七四,客服部,2025-09-04,6200,6080,愛心客服,純愛心客服系統費用,INV-2025-071,2025-09-05,Love Service Taiwan,已完成,蔡經理,2025-09-06,已核准,客服服務升華,愛心客服,重要,營運費用,CS009
EXP173,林一七五,企劃部,2025-09-08,14500,14280,智慧策略,無限智慧策略規劃費用,INV-2025-072,2025-09-09,Infinite Wisdom Taiwan,已完成,許總監,2025-09-10,已核准,策略智慧升華,智慧策略,重要,企劃費用,PLAN009
EXP174,黃一七六,會計部,2025-09-11,7500,7350,光明會計,光明透明會計系統費用,INV-2025-073,2025-09-12,Light Accounting Taiwan,已完成,謝主任,2025-09-13,已核准,會計透明化升華,光明會計,重要,財務費用,ACC009
EXP175,吳一七七,倉管部,2025-09-15,16500,16250,無界倉儲,無邊界倉儲系統費用,INV-2025-074,2025-09-16,Boundless Warehouse Taiwan,已完成,賴經理,2025-09-17,已核准,倉儲概念革新,無界倉儲,重要,倉管費用,WH009
EXP176,鄭一七八,安全部,2025-09-18,10200,10050,絕對安全,絕對安全防護系統費用,INV-2025-075,2025-09-19,Absolute Security Taiwan,已完成,施主任,2025-09-20,已核准,安全防護絕對化,絕對安全,重要,安全費用,SAFE009
EXP177,王一七九,環保部,2025-09-22,17000,16750,天堂環境,天堂級環境創造費用,INV-2025-076,2025-09-23,Paradise Environment Taiwan,已完成,洪經理,2025-09-24,已核准,環境品質天堂化,天堂環境,重要,環保費用,ENV009
EXP178,劉一八零,公關部,2025-09-25,11500,11280,神聖公關,神聖層級公關服務費用,INV-2025-077,2025-09-26,Sacred PR Taiwan,已完成,范總監,2025-09-27,已核准,公關服務神聖化,神聖公關,重要,公關費用,PR009
EXP179,李一八一,投資部,2025-09-29,55000,54500,神性投資,神性層級投資基金費用,INV-2025-078,2025-09-30,Divine Investment Taiwan,已完成,姚副總,2025-10-01,已核准,投資境界升華,神性投資,重要,投資費用,INV009
EXP180,張一八二,稽核部,2025-10-02,9200,9050,全知稽核,全知全能稽核系統費用,INV-2025-079,2025-10-03,Omniscient Audit Taiwan,已完成,袁主任,2025-10-04,已核准,稽核能力全知化,全知稽核,重要,稽核費用,AUDIT009
EXP181,陳一八三,資訊部,2025-10-06,25000,24750,神聖運算,神聖層級運算平台費用,INV-2025-080,2025-10-07,Sacred Computing Taiwan,已完成,李經理,2025-10-08,已核准,運算技術神聖化,神聖運算,重要,資訊設備,IT010
EXP182,林一八四,行銷部,2025-10-09,9200,9050,天使行銷,天使層級行銷服務費用,INV-2025-081,2025-10-10,Angel Marketing Taiwan,已完成,王總監,2025-10-11,已核准,行銷服務天使化,天使行銷,重要,行銷費用,MKT010
EXP183,黃一八五,財務部,2025-10-13,6800,6650,神聖財務,神聖財務管理服務費用,INV-2025-082,2025-10-14,Sacred Finance Taiwan,已完成,陳副理,2025-10-15,已核准,財務管理神聖化,神聖財務,重要,財務費用,FIN010
EXP184,吳一八六,人資部,2025-10-16,15000,14750,天使人資,天使級人力資源服務費,INV-2025-083,2025-10-17,Angel HR Taiwan,已完成,林主任,2025-10-18,已核准,人力資源天使化,天使人資,重要,人事費用,HR010
EXP185,鄭一八七,業務部,2025-10-20,10500,10320,神聖銷售,神聖層級銷售服務費用,INV-2025-084,2025-10-21,Sacred Sales Taiwan,已完成,黃經理,2025-10-22,已核准,銷售服務神聖化,神聖銷售,重要,業務費用,SALES010
EXP186,王一八八,研發部,2025-10-23,45000,44500,神性研發,神性層級研發專案費用,INV-2025-085,2025-10-24,Divine R&D Taiwan,已完成,劉總監,2025-10-25,已核准,研發能力神性化,神性研發,重要,研發費用,RD010
EXP187,劉一八九,總務部,2025-10-27,7200,7080,天堂總務,天堂級總務服務費用,INV-2025-086,2025-10-28,Paradise GA Taiwan,已完成,吳主任,2025-10-29,已核准,總務服務天堂化,天堂總務,重要,總務費用,GA010
EXP188,李一九零,法務部,2025-10-30,15500,15280,神聖法務,神聖法律服務費用,INV-2025-087,2025-10-31,Sacred Legal Taiwan,已完成,鄭律師,2025-11-01,已核准,法律服務神聖化,神聖法務,重要,法務費用,LEGAL010
EXP189,張一九一,採購部,2025-11-03,28000,27650,天使採購,天使級採購服務費用,INV-2025-088,2025-11-04,Angel Procurement Taiwan,已完成,何經理,2025-11-05,已核准,採購服務天使化,天使採購,重要,設備費用,PROC010
EXP190,陳一九二,品管部,2025-11-06,11500,11280,神聖品質,神聖品質管理服務費用,INV-2025-089,2025-11-07,Sacred Quality Taiwan,已完成,馬主任,2025-11-08,已核准,品質管理神聖化,神聖品質,重要,品管費用,QC010
EXP191,林一九三,生產部,2025-11-10,35000,34650,天堂生產,天堂級生產系統費用,INV-2025-090,2025-11-11,Paradise Production Taiwan,已完成,楊廠長,2025-11-12,已核准,生產系統天堂化,天堂生產,重要,生產成本,PROD010
EXP192,黃一九四,客服部,2025-11-13,6800,6650,天使客服,天使級客戶服務費用,INV-2025-091,2025-11-14,Angel Service Taiwan,已完成,蔡經理,2025-11-15,已核准,客戶服務天使化,天使客服,重要,營運費用,CS010
EXP193,吳一九五,企劃部,2025-11-17,16000,15750,神聖企劃,神聖企劃服務費用,INV-2025-092,2025-11-18,Sacred Planning Taiwan,已完成,許總監,2025-11-19,已核准,企劃服務神聖化,神聖企劃,重要,企劃費用,PLAN010
EXP194,鄭一九六,會計部,2025-11-20,8200,8080,天使會計,天使級會計服務費用,INV-2025-093,2025-11-21,Angel Accounting Taiwan,已完成,謝主任,2025-11-22,已核准,會計服務天使化,天使會計,重要,財務費用,ACC010
EXP195,王一九七,倉管部,2025-11-24,18000,17750,神聖倉儲,神聖倉儲管理服務費用,INV-2025-094,2025-11-25,Sacred Warehouse Taiwan,已完成,賴經理,2025-11-26,已核准,倉儲管理神聖化,神聖倉儲,重要,倉管費用,WH010
EXP196,劉一九八,安全部,2025-11-27,11200,11050,天使安全,天使級安全防護費用,INV-2025-095,2025-11-28,Angel Security Taiwan,已完成,施主任,2025-11-29,已核准,安全防護天使化,天使安全,重要,安全費用,SAFE010
EXP197,李一九九,環保部,2025-12-01,18500,18280,神聖環保,神聖環保服務費用,INV-2025-096,2025-12-02,Sacred Environment Taiwan,已完成,洪經理,2025-12-03,已核准,環保服務神聖化,神聖環保,重要,環保費用,ENV010
EXP198,張二零零,公關部,2025-12-04,12500,12280,天堂公關,天堂級公關服務費用,INV-2025-097,2025-12-05,Paradise PR Taiwan,已完成,范總監,2025-12-06,已核准,公關服務天堂化,天堂公關,重要,公關費用,PR010
EXP199,陳二零一,投資部,2025-12-08,58000,57500,天使投資,天使級投資基金費用,INV-2025-098,2025-12-09,Angel Investment Taiwan,已完成,姚副總,2025-12-10,已核准,投資服務天使化,天使投資,重要,投資費用,INV010
EXP200,林二零二,稽核部,2025-12-11,10000,9850,神聖稽核,神聖稽核服務費用,INV-2025-099,2025-12-12,Sacred Audit Taiwan,已完成,袁主任,2025-12-13,已核准,稽核服務神聖化,神聖稽核,重要,稽核費用,AUDIT010
EXP201,林一零三,資訊部,2024-12-29,17000,16750,AI平台,人工智慧開發平台年度授權,INV-2024-101,2024-12-30,NVIDIA Taiwan Limited,已完成,李經理,2024-12-31,已核准,AI技術導入,AI平台,重要,資訊設備,IT006
EXP202,黃一零四,行銷部,2025-01-02,5800,5680,影響者行銷,KOL合作及社群影響者行銷費,INV-2025-001,2025-01-03,Social Media Marketing Taiwan,已完成,王總監,2025-01-04,已核准,社群行銷擴展,影響者行銷,重要,行銷費用,MKT006
EXP203,吳一零五,財務部,2025-01-06,4200,4120,區塊鏈服務,區塊鏈金融應用顧問服務,INV-2025-002,2025-01-07,ConsenSys Taiwan,已完成,陳副理,2025-01-08,已核准,金融科技創新,區塊鏈服務,重要,財務費用,FIN006
EXP204,鄭一零六,人資部,2025-01-09,9200,9050,遠距工作,遠距工作管理平台建置費,INV-2025-003,2025-01-10,Zoom Taiwan Limited,已完成,林主任,2025-01-11,已核准,工作模式現代化,遠距工作,重要,人事費用,HR006
EXP205,王一零七,業務部,2025-01-13,6800,6650,電商平台,B2B電商平台開發及維護,INV-2025-004,2025-01-14,Shopify Taiwan,已完成,黃經理,2025-01-15,已核准,數位銷售通路,電商平台,重要,業務費用,SALES006
EXP206,劉一零八,研發部,2025-01-16,32000,31500,量子運算,量子運算研究合作專案費,INV-2025-005,2025-01-17,IBM Quantum Taiwan,已完成,劉總監,2025-01-18,已核准,前瞻技術研發,量子運算,重要,研發費用,RD006
EXP207,李一零九,總務部,2025-01-20,4800,4720,綠建築認證,LEED綠建築認證申請費用,INV-2025-006,2025-01-21,台灣綠建築發展協會,已完成,吳主任,2025-01-22,已核准,永續發展目標,綠建築認證,重要,總務費用,GA006
EXP208,張一一零,法務部,2025-01-23,10500,10320,數據保護,GDPR數據保護合規顧問服務,INV-2025-007,2025-01-24,Privacy International Taiwan,已完成,鄭律師,2025-01-25,已核准,數據隱私保護,數據保護,重要,法務費用,LEGAL006
EXP209,陳一一一,採購部,2025-01-27,20000,19650,永續採購,永續供應鏈管理顧問服務,INV-2025-008,2025-01-28,Sustainable Supply Chain Taiwan,已完成,何經理,2025-01-29,已核准,ESG永續發展,永續採購,重要,設備費用,PROC006
EXP210,林一一二,品管部,2025-01-30,7500,7350,數位品管,數位化品質管理系統導入,INV-2025-009,2025-01-31,Digital Quality Taiwan,已完成,馬主任,2025-02-01,已核准,品質管理數位化,數位品管,重要,品管費用,QC006
EXP211,黃一一三,生產部,2025-02-03,25000,24650,碳中和,碳足跡管理及碳中和顧問,INV-2025-010,2025-02-04,Carbon Trust Taiwan,已完成,楊廠長,2025-02-05,已核准,環境永續目標,碳中和,重要,生產成本,PROD006
EXP212,吳一一四,客服部,2025-02-06,4200,4120,多語AI客服,多語言AI客服系統升級,INV-2025-011,2025-02-07,Multilingual AI Taiwan,已完成,蔡經理,2025-02-08,已核准,國際化服務,多語AI客服,重要,營運費用,CS006
EXP213,鄭一一五,企劃部,2025-02-10,10200,10050,元宇宙策略,元宇宙商業應用策略規劃,INV-2025-012,2025-02-11,Metaverse Consulting Taiwan,已完成,許總監,2025-02-12,已核准,未來商業模式,元宇宙策略,重要,企劃費用,PLAN006
EXP214,王一一六,會計部,2025-02-13,5500,5380,自動化會計,會計作業自動化系統導入,INV-2025-013,2025-02-14,Automation Accounting Taiwan,已完成,謝主任,2025-02-15,已核准,會計效率提升,自動化會計,重要,財務費用,ACC006
EXP215,劉一一七,倉管部,2025-02-17,12000,11850,無人倉儲,無人化倉儲系統建置費用,INV-2025-014,2025-02-18,Autonomous Warehouse Taiwan,已完成,賴經理,2025-02-19,已核准,倉儲無人化,無人倉儲,重要,倉管費用,WH006
EXP216,李一一八,安全部,2025-02-20,7200,7080,零信任架構,零信任網路安全架構建置,INV-2025-015,2025-02-21,Zero Trust Security Taiwan,已完成,施主任,2025-02-22,已核准,安全架構升級,零信任架構,重要,安全費用,SAFE006
EXP217,張一一九,環保部,2025-02-24,12500,12280,循環經濟,循環經濟商業模式顧問服務,INV-2025-016,2025-02-25,Circular Economy Taiwan,已完成,洪經理,2025-02-26,已核准,永續商業模式,循環經濟,重要,環保費用,ENV006
EXP218,陳一二零,公關部,2025-02-27,8800,8650,Web3公關,Web3及NFT公關策略服務,INV-2025-017,2025-02-28,Web3 PR Taiwan,已完成,范總監,2025-03-01,已核准,數位資產公關,Web3公關,重要,公關費用,PR006
EXP219,林一二一,投資部,2025-03-03,45000,44500,ESG投資,ESG永續投資基金管理費,INV-2025-018,2025-03-04,ESG Investment Taiwan,已完成,姚副總,2025-03-05,已核准,永續投資策略,ESG投資,重要,投資費用,INV006
EXP220,黃一二二,稽核部,2025-03-06,6800,6650,持續稽核,持續性稽核系統建置費用,INV-2025-019,2025-03-07,Continuous Audit Taiwan,已完成,袁主任,2025-03-08,已核准,稽核作業持續化,持續稽核,重要,稽核費用,AUDIT006
EXP221,吳一二三,資訊部,2025-03-10,19000,18750,邊緣運算,邊緣運算基礎設施建置費,INV-2025-020,2025-03-11,Edge Computing Taiwan,已完成,李經理,2025-03-12,已核准,運算架構升級,邊緣運算,重要,資訊設備,IT007
EXP222,鄭一二四,行銷部,2025-03-13,6500,6380,虛實整合行銷,OMO虛實整合行銷平台,INV-2025-021,2025-03-14,OMO Marketing Taiwan,已完成,王總監,2025-03-15,已核准,行銷通路整合,虛實整合行銷,重要,行銷費用,MKT007
EXP223,王一二五,財務部,2025-03-17,4800,4720,數位貨幣,央行數位貨幣研究顧問費,INV-2025-022,2025-03-18,CBDC Research Taiwan,已完成,陳副理,2025-03-19,已核准,金融創新研究,數位貨幣,重要,財務費用,FIN007
EXP224,劉一二六,人資部,2025-03-20,10500,10320,人才分析,人力資源數據分析平台費,INV-2025-023,2025-03-21,HR Analytics Taiwan,已完成,林主任,2025-03-22,已核准,人才管理科學化,人才分析,重要,人事費用,HR007
EXP225,李一二七,業務部,2025-03-24,7500,7350,社交商務,社交媒體電商整合平台費,INV-2025-024,2025-03-25,Social Commerce Taiwan,已完成,黃經理,2025-03-26,已核准,社交銷售通路,社交商務,重要,業務費用,SALES007
EXP226,張一二八,研發部,2025-03-27,35000,34500,生物科技,生物技術研發合作專案費,INV-2025-025,2025-03-28,Biotech Research Taiwan,已完成,劉總監,2025-03-29,已核准,生技領域拓展,生物科技,重要,研發費用,RD007
EXP227,陳一二九,總務部,2025-03-31,5200,5080,智慧辦公,智慧辦公室系統整合費用,INV-2025-026,2025-04-01,Smart Office Taiwan,已完成,吳主任,2025-04-02,已核准,辦公環境智慧化,智慧辦公,重要,總務費用,GA007
EXP228,林一三零,法務部,2025-04-03,11500,11280,法律科技AI,AI法律文件分析系統費,INV-2025-027,2025-04-04,LegalTech AI Taiwan,已完成,鄭律師,2025-04-05,已核准,法務作業AI化,法律科技AI,重要,法務費用,LEGAL007
EXP229,黃一三一,採購部,2025-04-07,22000,21650,智慧採購,AI智慧採購決策系統費,INV-2025-028,2025-04-08,Smart Procurement Taiwan,已完成,何經理,2025-04-09,已核准,採購決策智慧化,智慧採購,重要,設備費用,PROC007
EXP230,吳一三二,品管部,2025-04-10,8200,8080,預測性品管,預測性品質管理系統費,INV-2025-029,2025-04-11,Predictive Quality Taiwan,已完成,馬主任,2025-04-12,已核准,品質管理預測化,預測性品管,重要,品管費用,QC007
EXP231,鄭一三三,生產部,2025-04-14,27000,26650,數位孿生,數位孿生工廠建置費用,INV-2025-030,2025-04-15,Digital Twin Taiwan,已完成,楊廠長,2025-04-16,已核准,製造數位化,數位孿生,重要,生產成本,PROD007
EXP232,王一三四,客服部,2025-04-17,4800,4720,情感AI,情感識別AI客服系統費,INV-2025-031,2025-04-18,Emotion AI Taiwan,已完成,蔡經理,2025-04-19,已核准,客服情感化,情感AI,重要,營運費用,CS007
EXP233,劉一三五,企劃部,2025-04-21,11200,11050,數位轉型,全面數位轉型顧問服務費,INV-2025-032,2025-04-22,Digital Transformation Taiwan,已完成,許總監,2025-04-23,已核准,企業全面數位化,數位轉型,重要,企劃費用,PLAN007
EXP234,李一三六,會計部,2025-04-24,6200,6080,智能財務,智能財務管理系統導入費,INV-2025-033,2025-04-25,Intelligent Finance Taiwan,已完成,謝主任,2025-04-26,已核准,財務管理智能化,智能財務,重要,財務費用,ACC007
EXP235,張一三七,倉管部,2025-04-28,13500,13250,協作機器人,倉儲協作機器人系統費,INV-2025-034,2025-04-29,Collaborative Robot Taiwan,已完成,賴經理,2025-04-30,已核准,倉儲自動化升級,協作機器人,重要,倉管費用,WH007
EXP236,陳一三八,安全部,2025-05-01,8200,8080,量子加密,量子加密通訊系統建置費,INV-2025-035,2025-05-02,Quantum Encryption Taiwan,已完成,施主任,2025-05-03,已核准,通訊安全升級,量子加密,重要,安全費用,SAFE007
EXP237,林一三九,環保部,2025-05-05,14000,13750,碳捕捉技術,碳捕捉及儲存技術研究費,INV-2025-036,2025-05-06,Carbon Capture Taiwan,已完成,洪經理,2025-05-07,已核准,氣候變遷對策,碳捕捉技術,重要,環保費用,ENV007
EXP238,黃一四零,公關部,2025-05-08,9500,9320,虛擬活動,虛擬實境公關活動製作費,INV-2025-037,2025-05-09,VR Event Taiwan,已完成,范總監,2025-05-10,已核准,公關活動創新,虛擬活動,重要,公關費用,PR007
EXP239,吳一四一,投資部,2025-05-12,48000,47500,太空經濟,太空產業投資評估顧問費,INV-2025-038,2025-05-13,Space Economy Taiwan,已完成,姚副總,2025-05-14,已核准,新興產業投資,太空經濟,重要,投資費用,INV007
EXP240,鄭一四二,稽核部,2025-05-15,7500,7350,區塊鏈稽核,區塊鏈稽核技術導入費,INV-2025-039,2025-05-16,Blockchain Audit Taiwan,已完成,袁主任,2025-05-17,已核准,稽核技術創新,區塊鏈稽核,重要,稽核費用,AUDIT007
EXP241,王一四三,資訊部,2025-05-19,21000,20750,神經網路,深度學習神經網路平台費,INV-2025-040,2025-05-20,Neural Network Taiwan,已完成,李經理,2025-05-21,已核准,AI技術深化,神經網路,重要,資訊設備,IT008
EXP242,劉一四四,行銷部,2025-05-22,7200,7080,腦機介面行銷,腦機介面行銷研究費用,INV-2025-041,2025-05-23,BCI Marketing Taiwan,已完成,王總監,2025-05-24,已核准,未來行銷技術,腦機介面行銷,重要,行銷費用,MKT008
EXP243,李一四五,財務部,2025-05-26,5500,5380,量子金融,量子運算金融應用研究費,INV-2025-042,2025-05-27,Quantum Finance Taiwan,已完成,陳副理,2025-05-28,已核准,金融科技前瞻,量子金融,重要,財務費用,FIN008
EXP244,張一四六,人資部,2025-05-29,12000,11850,基因人才學,基因檢測人才適性分析費,INV-2025-043,2025-05-30,Genetic HR Taiwan,已完成,林主任,2025-05-31,已核准,人才科學化管理,基因人才學,重要,人事費用,HR008
EXP245,陳一四七,業務部,2025-06-02,8500,8350,全息投影銷售,全息投影銷售展示系統費,INV-2025-044,2025-06-03,Hologram Sales Taiwan,已完成,黃經理,2025-06-04,已核准,銷售展示創新,全息投影銷售,重要,業務費用,SALES008
EXP246,林一四八,研發部,2025-06-05,38000,37500,奈米技術,奈米材料研發合作專案費,INV-2025-045,2025-06-06,Nanotechnology Taiwan,已完成,劉總監,2025-06-07,已核准,材料科學突破,奈米技術,重要,研發費用,RD008
EXP247,黃一四九,總務部,2025-06-09,5800,5680,自癒建築,自我修復建築材料研究費,INV-2025-046,2025-06-10,Self-Healing Building Taiwan,已完成,吳主任,2025-06-11,已核准,建築技術創新,自癒建築,重要,總務費用,GA008
EXP248,吳一五零,法務部,2025-06-12,12500,12280,AI法官,AI輔助法律判決系統費,INV-2025-047,2025-06-13,AI Judge Taiwan,已完成,鄭律師,2025-06-14,已核准,法律AI化,AI法官,重要,法務費用,LEGAL008
EXP249,鄭一五一,採購部,2025-06-16,24000,23650,分子採購,分子級材料採購系統費,INV-2025-048,2025-06-17,Molecular Procurement Taiwan,已完成,何經理,2025-06-18,已核准,採購精密化,分子採購,重要,設備費用,PROC008
EXP250,王一五二,品管部,2025-06-19,9200,9050,量子品管,量子感測品質檢測系統費,INV-2025-049,2025-06-20,Quantum Quality Taiwan,已完成,馬主任,2025-06-21,已核准,品質檢測革新,量子品管,重要,品管費用,QC008
EXP251,劉一五三,生產部,2025-06-23,29000,28650,分子組裝,分子級精密組裝系統費,INV-2025-050,2025-06-24,Molecular Assembly Taiwan,已完成,楊廠長,2025-06-25,已核准,製造精度革命,分子組裝,重要,生產成本,PROD008
EXP252,李一五四,客服部,2025-06-26,5500,5380,心靈感應客服,腦波客服溝通系統費,INV-2025-051,2025-06-27,Telepathic Service Taiwan,已完成,蔡經理,2025-06-28,已核准,客服革命性創新,心靈感應客服,重要,營運費用,CS008
EXP253,張一五五,企劃部,2025-06-30,12800,12650,時空策略,四維時空策略規劃費用,INV-2025-052,2025-07-01,4D Strategy Taiwan,已完成,許總監,2025-07-02,已核准,策略規劃革新,時空策略,重要,企劃費用,PLAN008
EXP254,陳一五六,會計部,2025-07-03,6800,6650,量子會計,量子並行會計處理系統費,INV-2025-053,2025-07-04,Quantum Accounting Taiwan,已完成,謝主任,2025-07-05,已核准,會計處理革命,量子會計,重要,財務費用,ACC008
EXP255,林一五七,倉管部,2025-07-07,15000,14750,瞬移倉儲,量子瞬移倉儲系統費用,INV-2025-054,2025-07-08,Teleportation Warehouse Taiwan,已完成,賴經理,2025-07-09,已核准,物流革命性突破,瞬移倉儲,重要,倉管費用,WH008
EXP256,黃一五八,安全部,2025-07-10,9200,9050,意識防火牆,意識層級安全防護系統費,INV-2025-055,2025-07-11,Consciousness Security Taiwan,已完成,施主任,2025-07-12,已核准,安全防護升維,意識防火牆,重要,安全費用,SAFE008
EXP257,吳一五九,環保部,2025-07-14,15500,15280,時間逆轉環保,時間逆轉環境修復費用,INV-2025-056,2025-07-15,Time Reversal Eco Taiwan,已完成,洪經理,2025-07-16,已核准,環保技術突破,時間逆轉環保,重要,環保費用,ENV008
EXP258,鄭一六零,公關部,2025-07-17,10500,10320,多維度公關,多維度空間公關服務費,INV-2025-057,2025-07-18,Multidimensional PR Taiwan,已完成,范總監,2025-07-19,已核准,公關服務升維,多維度公關,重要,公關費用,PR008
EXP259,王一六一,投資部,2025-07-21,52000,51500,宇宙投資,跨宇宙投資基金管理費,INV-2025-058,2025-07-22,Universe Investment Taiwan,已完成,姚副總,2025-07-23,已核准,投資範圍擴展,宇宙投資,重要,投資費用,INV008
EXP260,劉一六二,稽核部,2025-07-24,8500,8350,預知稽核,未來預知稽核系統費用,INV-2025-059,2025-07-25,Precognitive Audit Taiwan,已完成,袁主任,2025-07-26,已核准,稽核能力升級,預知稽核,重要,稽核費用,AUDIT008
EXP261,李一六三,資訊部,2025-07-28,23000,22750,意識運算,意識層級運算平台費用,INV-2025-060,2025-07-29,Consciousness Computing Taiwan,已完成,李經理,2025-07-30,已核准,運算技術革命,意識運算,重要,資訊設備,IT009
EXP262,張一六四,行銷部,2025-07-31,8200,8080,夢境行銷,夢境植入行銷服務費用,INV-2025-061,2025-08-01,Dream Marketing Taiwan,已完成,王總監,2025-08-02,已核准,行銷技術突破,夢境行銷,重要,行銷費用,MKT009
EXP263,陳一六五,財務部,2025-08-04,6200,6080,靈魂金融,靈魂層級金融服務費用,INV-2025-062,2025-08-05,Soul Finance Taiwan,已完成,陳副理,2025-08-06,已核准,金融服務升華,靈魂金融,重要,財務費用,FIN009
EXP264,林一六六,人資部,2025-08-07,13500,13250,靈魂人資,靈魂契合度人才配對費,INV-2025-063,2025-08-08,Soul HR Taiwan,已完成,林主任,2025-08-09,已核准,人才配對革新,靈魂人資,重要,人事費用,HR009
EXP265,黃一六七,業務部,2025-08-11,9500,9320,心靈銷售,心靈層級銷售服務費用,INV-2025-064,2025-08-12,Mind Sales Taiwan,已完成,黃經理,2025-08-13,已核准,銷售技術升華,心靈銷售,重要,業務費用,SALES009
EXP266,吳一六八,研發部,2025-08-14,42000,41500,創造力研發,純創造力研發專案費用,INV-2025-065,2025-08-15,Creativity R&D Taiwan,已完成,劉總監,2025-08-16,已核准,研發能力升華,創造力研發,重要,研發費用,RD009
EXP267,鄭一六九,總務部,2025-08-18,6500,6380,和諧空間,空間和諧能量調整費用,INV-2025-066,2025-08-19,Harmony Space Taiwan,已完成,吳主任,2025-08-20,已核准,空間能量優化,和諧空間,重要,總務費用,GA009
EXP268,王一七零,法務部,2025-08-21,14000,13750,宇宙法律,宇宙法則諮詢服務費用,INV-2025-067,2025-08-22,Universal Law Taiwan,已完成,鄭律師,2025-08-23,已核准,法律服務升維,宇宙法律,重要,法務費用,LEGAL009
EXP269,劉一七一,採購部,2025-08-25,26000,25650,能量採購,純能量採購系統費用,INV-2025-068,2025-08-26,Energy Procurement Taiwan,已完成,何經理,2025-08-27,已核准,採購方式革新,能量採購,重要,設備費用,PROC009
EXP270,李一七二,品管部,2025-08-28,10500,10320,完美品質,絕對完美品質系統費用,INV-2025-069,2025-08-29,Perfect Quality Taiwan,已完成,馬主任,2025-08-30,已核准,品質標準升華,完美品質,重要,品管費用,QC009
EXP271,張一七三,生產部,2025-09-01,32000,31650,無限生產,無限可能生產系統費用,INV-2025-070,2025-09-02,Infinite Production Taiwan,已完成,楊廠長,2025-09-03,已核准,生產能力無限化,無限生產,重要,生產成本,PROD009
EXP272,陳一七四,客服部,2025-09-04,6200,6080,愛心客服,純愛心客服系統費用,INV-2025-071,2025-09-05,Love Service Taiwan,已完成,蔡經理,2025-09-06,已核准,客服服務升華,愛心客服,重要,營運費用,CS009
EXP273,林一七五,企劃部,2025-09-08,14500,14280,智慧策略,無限智慧策略規劃費用,INV-2025-072,2025-09-09,Infinite Wisdom Taiwan,已完成,許總監,2025-09-10,已核准,策略智慧升華,智慧策略,重要,企劃費用,PLAN009
EXP274,黃一七六,會計部,2025-09-11,7500,7350,光明會計,光明透明會計系統費用,INV-2025-073,2025-09-12,Light Accounting Taiwan,已完成,謝主任,2025-09-13,已核准,會計透明化升華,光明會計,重要,財務費用,ACC009
EXP275,吳一七七,倉管部,2025-09-15,16500,16250,無界倉儲,無邊界倉儲系統費用,INV-2025-074,2025-09-16,Boundless Warehouse Taiwan,已完成,賴經理,2025-09-17,已核准,倉儲概念革新,無界倉儲,重要,倉管費用,WH009
EXP276,鄭一七八,安全部,2025-09-18,10200,10050,絕對安全,絕對安全防護系統費用,INV-2025-075,2025-09-19,Absolute Security Taiwan,已完成,施主任,2025-09-20,已核准,安全防護絕對化,絕對安全,重要,安全費用,SAFE009
EXP277,王一七九,環保部,2025-09-22,17000,16750,天堂環境,天堂級環境創造費用,INV-2025-076,2025-09-23,Paradise Environment Taiwan,已完成,洪經理,2025-09-24,已核准,環境品質天堂化,天堂環境,重要,環保費用,ENV009
EXP278,劉一八零,公關部,2025-09-25,11500,11280,神聖公關,神聖層級公關服務費用,INV-2025-077,2025-09-26,Sacred PR Taiwan,已完成,范總監,2025-09-27,已核准,公關服務神聖化,神聖公關,重要,公關費用,PR009
EXP279,李一八一,投資部,2025-09-29,55000,54500,神性投資,神性層級投資基金費用,INV-2025-078,2025-09-30,Divine Investment Taiwan,已完成,姚副總,2025-10-01,已核准,投資境界升華,神性投資,重要,投資費用,INV009
EXP280,張一八二,稽核部,2025-10-02,9200,9050,全知稽核,全知全能稽核系統費用,INV-2025-079,2025-10-03,Omniscient Audit Taiwan,已完成,袁主任,2025-10-04,已核准,稽核能力全知化,全知稽核,重要,稽核費用,AUDIT009
EXP281,陳一八三,資訊部,2025-10-06,25000,24750,神聖運算,神聖層級運算平台費用,INV-2025-080,2025-10-07,Sacred Computing Taiwan,已完成,李經理,2025-10-08,已核准,運算技術神聖化,神聖運算,重要,資訊設備,IT010
EXP282,林一八四,行銷部,2025-10-09,9200,9050,天使行銷,天使層級行銷服務費用,INV-2025-081,2025-10-10,Angel Marketing Taiwan,已完成,王總監,2025-10-11,已核准,行銷服務天使化,天使行銷,重要,行銷費用,MKT010
EXP283,黃一八五,財務部,2025-10-13,6800,6650,神聖財務,神聖財務管理服務費用,INV-2025-082,2025-10-14,Sacred Finance Taiwan,已完成,陳副理,2025-10-15,已核准,財務管理神聖化,神聖財務,重要,財務費用,FIN010
EXP284,吳一八六,人資部,2025-10-16,15000,14750,天使人資,天使級人力資源服務費,INV-2025-083,2025-10-17,Angel HR Taiwan,已完成,林主任,2025-10-18,已核准,人力資源天使化,天使人資,重要,人事費用,HR010
EXP285,鄭一八七,業務部,2025-10-20,10500,10320,神聖銷售,神聖層級銷售服務費用,INV-2025-084,2025-10-21,Sacred Sales Taiwan,已完成,黃經理,2025-10-22,已核准,銷售服務神聖化,神聖銷售,重要,業務費用,SALES010
EXP286,王一八八,研發部,2025-10-23,45000,44500,神性研發,神性層級研發專案費用,INV-2025-085,2025-10-24,Divine R&D Taiwan,已完成,劉總監,2025-10-25,已核准,研發能力神性化,神性研發,重要,研發費用,RD010
EXP287,劉一八九,總務部,2025-10-27,7200,7080,天堂總務,天堂級總務服務費用,INV-2025-086,2025-10-28,Paradise GA Taiwan,已完成,吳主任,2025-10-29,已核准,總務服務天堂化,天堂總務,重要,總務費用,GA010
EXP288,李一九零,法務部,2025-10-30,15500,15280,神聖法務,神聖法律服務費用,INV-2025-087,2025-10-31,Sacred Legal Taiwan,已完成,鄭律師,2025-11-01,已核准,法律服務神聖化,神聖法務,重要,法務費用,LEGAL010
EXP289,張一九一,採購部,2025-11-03,28000,27650,天使採購,天使級採購服務費用,INV-2025-088,2025-11-04,Angel Procurement Taiwan,已完成,何經理,2025-11-05,已核准,採購服務天使化,天使採購,重要,設備費用,PROC010
EXP290,陳一九二,品管部,2025-11-06,11500,11280,神聖品質,神聖品質管理服務費用,INV-2025-089,2025-11-07,Sacred Quality Taiwan,已完成,馬主任,2025-11-08,已核准,品質管理神聖化,神聖品質,重要,品管費用,QC010
EXP291,林一九三,生產部,2025-11-10,35000,34650,天堂生產,天堂級生產系統費用,INV-2025-090,2025-11-11,Paradise Production Taiwan,已完成,楊廠長,2025-11-12,已核准,生產系統天堂化,天堂生產,重要,生產成本,PROD010
EXP292,黃一九四,客服部,2025-11-13,6800,6650,天使客服,天使級客戶服務費用,INV-2025-091,2025-11-14,Angel Service Taiwan,已完成,蔡經理,2025-11-15,已核准,客戶服務天使化,天使客服,重要,營運費用,CS010
EXP293,吳一九五,企劃部,2025-11-17,16000,15750,神聖企劃,神聖企劃服務費用,INV-2025-092,2025-11-18,Sacred Planning Taiwan,已完成,許總監,2025-11-19,已核准,企劃服務神聖化,神聖企劃,重要,企劃費用,PLAN010
EXP294,鄭一九六,會計部,2025-11-20,8200,8080,天使會計,天使級會計服務費用,INV-2025-093,2025-11-21,Angel Accounting Taiwan,已完成,謝主任,2025-11-22,已核准,會計服務天使化,天使會計,重要,財務費用,ACC010
EXP295,王一九七,倉管部,2025-11-24,18000,17750,神聖倉儲,神聖倉儲管理服務費用,INV-2025-094,2025-11-25,Sacred Warehouse Taiwan,已完成,賴經理,2025-11-26,已核准,倉儲管理神聖化,神聖倉儲,重要,倉管費用,WH010
EXP296,劉一九八,安全部,2025-11-27,11200,11050,天使安全,天使級安全防護費用,INV-2025-095,2025-11-28,Angel Security Taiwan,已完成,施主任,2025-11-29,已核准,安全防護天使化,天使安全,重要,安全費用,SAFE010
EXP297,李一九九,環保部,2025-12-01,18500,18280,神聖環保,神聖環保服務費用,INV-2025-096,2025-12-02,Sacred Environment Taiwan,已完成,洪經理,2025-12-03,已核准,環保服務神聖化,神聖環保,重要,環保費用,ENV010
EXP298,張二零零,公關部,2025-12-04,12500,12280,天堂公關,天堂級公關服務費用,INV-2025-097,2025-12-05,Paradise PR Taiwan,已完成,范總監,2025-12-06,已核准,公關服務天堂化,天堂公關,重要,公關費用,PR010
EXP299,陳二零一,投資部,2025-12-08,58000,57500,天使投資,天使級投資基金費用,INV-2025-098,2025-12-09,Angel Investment Taiwan,已完成,姚副總,2025-12-10,已核准,投資服務天使化,天使投資,重要,投資費用,INV010
EXP300,林二零二,稽核部,2025-12-11,10000,9850,神聖稽核,神聖稽核服務費用,INV-2025-099,2025-12-12,Sacred Audit Taiwan,已完成,袁主任,2025-12-13,已核准,稽核服務神聖化,神聖稽核,重要,稽核費用,AUDIT010
